Workbook

Sheet Inventory_Data
A1: Product_ID | B1: Product_Name | C1: Category | D1: Supplier | E1: Reorder_Level | F1: Unit_Price
A2: P001 | B2: Rice Bag | C2: Grocery | D2: Local Supplier | E2: 50 | F2: 1200
A3: P002 | B3: Wheat Flour | C3: Grocery | D3: Local Supplier | E3: 40 | F3: 900
A4: P003 | B4: Cooking Oil | C4: Grocery | D4: Local Supplier | E4: 30 | F4: 180
A5: P004 | B5: Saop | C5: FMCG | D5: XYZ suppliers | E5: 40 | F5: 60
A6: P005 | B6: Shampoo | C6: FMCG | D6: XYZ suppliers | E6: 60 | F6: 120
A7: P006 | B7: NoteBook | C7: Stationery | D7: Paper Mart | E7: 100 | F7: 50
A8: P007 | B8: Pen | C8: Stationery | D8: Paper Mart | E8: 200 | F8: 10
A9: P008 | B9: Led Bulb | C9: Electronics | D9: Bright Lite | E9: 25 | F9: 250
A10: P009 | B10: Extension Cord | C10: Electronics | D10: Bright Lite | E10: 20 | F10: 450
A11: P010 | B11: Detergent | C11: FMCG | D11: XYZ suppliers | E11: 35 | F11: 220
A12: P011 | B12: Onion | C12: Grocery | D12: Local Supplier | E12: 40 | F12: 120
A13: P012 | B13: Tomato | C13: Grocery | D13: Local Supplier | E13: 30 | F13: 180
... A21: P020 | B21: Panner | C21: Dairy | D21: Nandini suppliers | E21: 20 | F21: 652

Sheet Stock_Movements
A1: Date | B1: Product_ID | C1: Movement_Type | D1: Quantity
A2: 45931 | B2: P001 | C2: IN | D2: 651
A3: 45932 | B3: P002 | C3: OUT | D3: 9
A4: 45933 | B4: P003 | C4: OUT | D4: 15
A5: 45934 | B5: P004 | C5: IN | D5: 690
A6: 45935 | B6: P005 | C6: IN | D6: 6158
A7: 45936 | B7: P006 | C7: IN | D7: 200
A8: 45937 | B8: P007 | C8: OUT | D8: 84
A9: 45938 | B9: P008 | C9: OUT | D9: 51
A10: 45939 | B10: P009 | C10: IN | D10: 51
A11: 45940 | B11: P010 | C11: IN | D11: 1851
A12: 45941 | B12: P011 | C12: OUT | D12: 600
A13: 45942 | B13: P012 | C13: OUT | D13: 15
... A101: 46030 | B101: P020 | C101: OUT | D101: 18

Sheet Inventory_Status
A1: Product_ID | B1: Product_Name | C1: Current_Stock | D1: Reorder_Level | E1: Stock_status
A2: P001 | B2: =_xlfn.XLOOKUP(A2,Inventory_Data!A:A,Inventory_Data!B:B) -> Rice Bag | C2: =IFERROR( SUMIFS(Stock_Movements!D:D, Stock_Movements!B:B, A2, Stock_Movements!C:C, "IN") - SUMIFS(Stock_Movements!D:D, Stock_Movements!B:B, A2, Stock_Movements!C:C, "OUT"), 0) -> 609 | D2: =_xlfn.XLOOKUP(A2,Inventory_Data!A:A,Inventory_Data!E:E) -> 50 | E2: =IF(C2<0,"DATA ISSUE",IF(C2<=D2,"LOW STOCK","OK")) -> OK
A3: P002 | B3: =_xlfn.XLOOKUP(A3,Inventory_Data!A:A,Inventory_Data!B:B) -> Wheat Flour | C3: =IFERROR( SUMIFS(Stock_Movements!D:D, Stock_Movements!B:B, A3, Stock_Movements!C:C, "IN") - SUMIFS(Stock_Movements!D:D, Stock_Movements!B:B, A3, Stock_Movements!C:C, "OUT"), 0) -> 2 | D3: =_xlfn.XLOOKUP(A3,Inventory_Data!A:A,Inventory_Data!E:E) -> 40 | E3: =IF(C3<0,"DATA ISSUE",IF(C3<=D3,"LOW STOCK","OK")) -> LOW STOCK
A4: P003 | B4: =_xlfn.XLOOKUP(A4,Inventory_Data!A:A,Inventory_Data!B:B) -> Cooking Oil | C4: =IFERROR( SUMIFS(Stock_Movements!D:D, Stock_Movements!B:B, A4, Stock_Movements!C:C, "IN") - SUMIFS(Stock_Movements!D:D, Stock_Movements!B:B, A4, Stock_Movements!C:C, "OUT"), 0) -> 586 | D4: =_xlfn.XLOOKUP(A4,Inventory_Data!A:A,Inventory_Data!E:E) -> 30 | E4: =IF(C4<0,"DATA ISSUE",IF(C4<=D4,"LOW STOCK","OK")) -> OK
A5: P004 | B5: =_xlfn.XLOOKUP(A5,Inventory_Data!A:A,Inventory_Data!B:B) -> Saop | C5: =IFERROR( SUMIFS(Stock_Movements!D:D, Stock_Movements!B:B, A5, Stock_Movements!C:C, "IN") - SUMIFS(Stock_Movements!D:D, Stock_Movements!B:B, A5, Stock_Movements!C:C, "OUT"), 0) -> 5 | D5: =_xlfn.XLOOKUP(A5,Inventory_Data!A:A,Inventory_Data!E:E) -> 40 | E5: =IF(C5<0,"DATA ISSUE",IF(C5<=D5,"LOW STOCK","OK")) -> LOW STOCK
A6: P005 | B6: =_xlfn.XLOOKUP(A6,Inventory_Data!A:A,Inventory_Data!B:B) -> Shampoo | C6: =IFERROR( SUMIFS(Stock_Movements!D:D, Stock_Movements!B:B, A6, Stock_Movements!C:C, "IN") - SUMIFS(Stock_Movements!D:D, Stock_Movements!B:B, A6, Stock_Movements!C:C, "OUT"), 0) -> 13680 | D6: =_xlfn.XLOOKUP(A6,Inventory_Data!A:A,Inventory_Data!E:E) -> 60 | E6: =IF(C6<0,"DATA ISSUE",IF(C6<=D6,"LOW STOCK","OK")) -> OK
A7: P006 | B7: =_xlfn.XLOOKUP(A7,Inventory_Data!A:A,Inventory_Data!B:B) -> NoteBook | C7: =IFERROR( SUMIFS(Stock_Movements!D:D, Stock_Movements!B:B, A7, Stock_Movements!C:C, "IN") - SUMIFS(Stock_Movements!D:D, Stock_Movements!B:B, A7, Stock_Movements!C:C, "OUT"), 0) -> 11 | D7: =_xlfn.XLOOKUP(A7,Inventory_Data!A:A,Inventory_Data!E:E) -> 100 | E7: =IF(C7<0,"DATA ISSUE",IF(C7<=D7,"LOW STOCK","OK")) -> LOW STOCK
A8: P007 | B8: =_xlfn.XLOOKUP(A8,Inventory_Data!A:A,Inventory_Data!B:B) -> Pen | C8: =IFERROR( SUMIFS(Stock_Movements!D:D, Stock_Movements!B:B, A8, Stock_Movements!C:C, "IN") - SUMIFS(Stock_Movements!D:D, Stock_Movements!B:B, A8, Stock_Movements!C:C, "OUT"), 0) -> -26 | D8: =_xlfn.XLOOKUP(A8,Inventory_Data!A:A,Inventory_Data!E:E) -> 200 | E8: =IF(C8<0,"DATA ISSUE",IF(C8<=D8,"LOW STOCK","OK")) -> DATA ISSUE
A9: P008 | B9: =_xlfn.XLOOKUP(A9,Inventory_Data!A:A,Inventory_Data!B:B) -> Led Bulb | C9: =IFERROR( SUMIFS(Stock_Movements!D:D, Stock_Movements!B:B, A9, Stock_Movements!C:C, "IN") - SUMIFS(Stock_Movements!D:D, Stock_Movements!B:B, A9, Stock_Movements!C:C, "OUT"), 0) -> 496 | D9: =_xlfn.XLOOKUP(A9,Inventory_Data!A:A,Inventory_Data!E:E) -> 25 | E9: =IF(C9<0,"DATA ISSUE",IF(C9<=D9,"LOW STOCK","OK")) -> OK
A10: P009 | B10: =_xlfn.XLOOKUP(A10,Inventory_Data!A:A,Inventory_Data!B:B) -> Extension Cord | C10: =IFERROR( SUMIFS(Stock_Movements!D:D, Stock_Movements!B:B, A10, Stock_Movements!C:C, "IN") - SUMIFS(Stock_Movements!D:D, Stock_Movements!B:B, A10, Stock_Movements!C:C, "OUT"), 0) -> 897 | D10: =_xlfn.XLOOKUP(A10,Inventory_Data!A:A,Inventory_Data!E:E) -> 20 | E10: =IF(C10<0,"DATA ISSUE",IF(C10<=D10,"LOW STOCK","OK")) -> OK
A11: P010 | B11: =_xlfn.XLOOKUP(A11,Inventory_Data!A:A,Inventory_Data!B:B) -> Detergent | C11: =IFERROR( SUMIFS(Stock_Movements!D:D, Stock_Movements!B:B, A11, Stock_Movements!C:C, "IN") - SUMIFS(Stock_Movements!D:D, Stock_Movements!B:B, A11, Stock_Movements!C:C, "OUT"), 0) -> 2747 | D11: =_xlfn.XLOOKUP(A11,Inventory_Data!A:A,Inventory_Data!E:E) -> 35 | E11: =IF(C11<0,"DATA ISSUE",IF(C11<=D11,"LOW STOCK","OK")) -> OK
A12: P011 | B12: =_xlfn.XLOOKUP(A12,Inventory_Data!A:A,Inventory_Data!B:B) -> Onion | C12: =IFERROR( SUMIFS(Stock_Movements!D:D, Stock_Movements!B:B, A12, Stock_Movements!C:C, "IN") - SUMIFS(Stock_Movements!D:D, Stock_Movements!B:B, A12, Stock_Movements!C:C, "OUT"), 0) -> -29 | D12: =_xlfn.XLOOKUP(A12,Inventory_Data!A:A,Inventory_Data!E:E) -> 40 | E12: =IF(C12<0,"DATA ISSUE",IF(C12<=D12,"LOW STOCK","OK")) -> DATA ISSUE
A13: P012 | B13: =_xlfn.XLOOKUP(A13,Inventory_Data!A:A,Inventory_Data!B:B) -> Tomato | C13: =IFERROR( SUMIFS(Stock_Movements!D:D, Stock_Movements!B:B, A13, Stock_Movements!C:C, "IN") - SUMIFS(Stock_Movements!D:D, Stock_Movements!B:B, A13, Stock_Movements!C:C, "OUT"), 0) -> 905 | D13: =_xlfn.XLOOKUP(A13,Inventory_Data!A:A,Inventory_Data!E:E) -> 30 | E13: =IF(C13<0,"DATA ISSUE",IF(C13<=D13,"LOW STOCK","OK")) -> OK
... A21: P020 | B21: =_xlfn.XLOOKUP(A21,Inventory_Data!A:A,Inventory_Data!B:B) -> Panner | C21: =IFERROR( SUMIFS(Stock_Movements!D:D, Stock_Movements!B:B, A21, Stock_Movements!C:C, "IN") - SUMIFS(Stock_Movements!D:D, Stock_Movements!B:B, A21, Stock_Movements!C:C, "OUT"), 0) -> 186 | D21: =_xlfn.XLOOKUP(A21,Inventory_Data!A:A,Inventory_Data!E:E) -> 20 | E21: =IF(C21<0,"DATA ISSUE",IF(C21<=D21,"LOW STOCK","OK")) -> OK

Sheet Dashboard
A1: Total Products | B1: Data Issues | C1: Low Stock Items | D1: Healthy Stock
A2: =COUNTA(Inventory_Status!A2:A21) -> 20 | B2: =COUNTIF(Inventory_Status!E2:E21,"DATA ISSUE") -> 2 | C2: =COUNTIF(Inventory_Status!E2:E21,"LOW STOCK") -> 4 | D2: =COUNTIF(Inventory_Status!E2:E21,"OK") -> 14
